ime,drzava
Maarten Arens,Netherlands
Leon Beeren,Netherlands
Melvin Beikes,Netherlands
Martin van den Berg,Netherlands
Bas-Jan Berkhout,Netherlands
Walter Beukeboom,Netherlands
Willy Bilstra,Netherlands
Remy Bindadin,Netherlands
Nicky Boontje,Netherlands
Edith Bosch,Netherlands
Lars Bosman,Netherlands
Nicolas Brisson,France
Miranda van den Broek,Netherlands
Anika Broeke,Netherlands
Fokelette Coelingh,Netherlands
Audry Coppens,Netherlands
Jordy Croese,Netherlands
Arshak Dabaghian,Netherlands
Anouk De la Cour,Netherlands
Lisette Dekker,Netherlands
Bryan van Dijk,Netherlands
Femke van Dijk,Netherlands
Marjolein Dijkman,Netherlands
Rianne van Dijken,Netherlands
Jochem Dousi,Netherlands
Denny Ebbers,Netherlands
Guillaume Elmont,Netherlands
Joey Emmel,Netherlands
Esther van Etten,Netherlands
Samantha van Etten,Netherlands
Jean Eijkenboom,Netherlands
Jessica Frijling,Netherlands
Jenny Gal,Italy
Dennis van der Geest,Netherlands
Elco van der Geest,Netherlands
Lennard Gerrits,Netherlands
Kyra Gerritsjans,Netherlands
Helma van Gool,Netherlands
Deborah Gravenstijn,Netherlands
Natascha van Gurp,Netherlands
Marc Haans,Netherlands
Antoine Haefkens,Netherlands
Carolien Harijgers,Netherlands
Françoise Harteveld,Netherlands
Esther Havermans,Netherlands
Ferry Hendriks,Netherlands
Miranda van Hengel,Netherlands
Winfried Holthuizen,Netherlands
Rutger Hoogervorst,Netherlands
Martijn Hoogstraten,Netherlands
Martijn van Horssen,Netherlands
Ruben Houkes,Netherlands
Mark Huizinga,Netherlands
Sander van Iperenburg,Netherlands
Natalie Kunst,Netherlands
Inge Janssen,Netherlands
Marc Janssen,Netherlands
Brenda Jeurissen,Netherlands
Jason Jones,Netherlands
Kim De Jong,Netherlands
Allard Jonkers,Netherlands
Patrick van Kalken,Netherlands
Karin Kienhuis,Netherlands
Patrick Klas,Netherlands
Jeffrey Koekebacker,Netherlands
Hans Kolker,Netherlands
Nick Koster,Netherlands
Frank Laanstra,Netherlands
Robby van Laarhoven,Netherlands
Jessica Gal,Netherlands
Dani Libosan,Netherlands
Alexander Liethof,Netherlands
Patrick van Loon,Netherlands
Sander Lueks,Netherlands
Eline Mandemakers,Netherlands
Carlo Manuel,Netherlands
Marc van Marrewijk,Netherlands
Marly van Marrewijk,Netherlands
Thierry Mastenbroek,Netherlands
Danny Meeuwsen,Netherlands
Jeffrey Meeuwsen,Netherlands
Dennis Meijer,Netherlands
Tamara Meijer,Netherlands
Brenda van der Meulen,Netherlands
Jesse Moerkerk,Netherlands
Vincent van Kalken,Netherlands
Alexander Moonen,Netherlands
Patrícia Nagy,Hungary
Daniel Nelles,Germany
Joan van Havezaat,Netherlands
Koen van Nol,Netherlands
Danny Ober,Netherlands
Altan Onel,Netherlands
Ellen van den Oord,Netherlands
Martijn van Oostrum,Netherlands
Irving Pengel,Netherlands
Jeffrey Peper,Netherlands
Arjan Plaggenmars,Netherlands
Roy Poels,Netherlands
Miriam Polak,Netherlands
Pascal Proper,Netherlands
Jon Te Riele,Netherlands
Suzanne Romviel,Netherlands
Anne De Rooij,Netherlands
Jill Sanders,Netherlands
Jennifer van der Schans,Netherlands
Emmy Schapendonk,Netherlands
Mark Schellekens,Netherlands
Jolanda Schraets,Netherlands
Raymond Schuurink,Netherlands
Pien Selbeck,Netherlands
Mark Slaats,Netherlands
Suzanne Smit,Netherlands
Rogier Smulders,Netherlands
Cindy Sneevliet,Netherlands
Jessica van der Spil,Netherlands
Rutger Stam,Netherlands
Danny van der Stek,Netherlands
Dogan Tekin,Türkiye
Huseyin Tekin,Netherlands
Scarlet van der Toolen,Netherlands
Gerasime Khabuliani,Netherlands
Francis Uijleman,Netherlands
Yasin Uzun,Netherlands
Angelina Venema,Netherlands
Susanne Verhoeven,Netherlands
Sanne Visser,Netherlands
Nicole Vlijt,Netherlands
Fabian De Vos,Netherlands
Daniëlle Vriezema,Netherlands
Grim Vuijsters,Netherlands
Gea Wesseling,Netherlands
Rik Wierenga,Netherlands
Elisabeth Willeboordse,Netherlands
Sarah Willeboordse,Netherlands
Niels van Woerkom,Netherlands
Jennifer De Wringer,Netherlands
Anita van Zeijl,Netherlands
Claudia Zwiers,Netherlands
Werner De Baets,Belgium
Harry Van Barneveld,Belgium
David Bober,Belgium
Laurent Bober,Belgium
Nathalie Bolis,Belgium
Kim Boonen,Belgium
Philippe Bulcke,Belgium
Patrick Claes,Belgium
Inge Clement,Belgium
Daan De Cooman,Belgium
Isabelle Couturier,Belgium
Sabine Van Crombrugge,Belgium
Samuel Davin,Belgium
Sophie Delwiche,Belgium
Gerd Derkinderen,Belgium
Deborah Destray,Belgium
Jessica Erkens,Belgium
Alex Fabry,Belgium
Nicole Flagothier,Belgium
Yung Gascard,Belgium
Razki Gherdaoui,Belgium
Heidi Goossens,Belgium
Ignace Hart,Belgium
Ingrid Herman,Belgium
Ilse Heylen,Belgium
Kurt De Hondt,Belgium
Cédric Horman,Belgium
Angelo Ianeri,Belgium
Cathérine Jacques,Belgium
Thomas Kerrinckx,Belgium
Véronique Labeeuw,Belgium
Johan Landry,Belgium
Michael Lechien,Belgium
Bernard LeClerq,Belgium
Alexandre Lespineux,Belgium
Marisabel Lomba,Belgium
Sophie Lutyn,Belgium
Ann Malle,Belgium
Isabelle Montmorency,Belgium
Vincent Noterman,Belgium
Brigitte Olivier,Belgium
An De Pauw,Belgium
Tim Pedus,Belgium
Steven Peersmans,Belgium
Christine Poskin,Belgium
Heidi Rakels,Belgium
Ann Simons,Belgium
Maria De Sterck,Belgium
Kristel Taelman,Belgium
Cédric Taymans,Belgium
Johanne Vanbergen,Belgium
Gella Vandecaveye,Belgium
Janiek Vanderdonckt,Belgium
Marie Elisabeth Veys,Belgium
Saskia Waterschoot,Belgium
Greet Wellens,Belgium
Sophie Welwiche,Belgium
Ulla Werbrouck,Belgium
Jimmy De Winter,Belgium
Kathleen Witters,Belgium
Özlem Acar,Germany
Ralf Akoto,Germany
Indra Alex,Germany
Andrea Andrei,Germany
Björn Bachmann,Germany
Katrin Beinroth,Germany
Benny Biemüller,Germany
Ole Bischof,Germany
Raphael Boezio,Germany
Annett Boehm,Germany
Yvonne Boenisch,Germany
René Boerner,Germany
Juliane Brausse,Germany
Nicole Bruns,Germany
Rico Bunk,Germany
Victoria Burke,Germany
Sebastian Butzmann,Germany
Dörte Dammann,Germany
Silke Daube,Germany
Gerhard Dempf,Germany
Julia Eckelmann,Germany
Hannah Ertel,Germany
Frank Faßmann,Germany
Carsten Finkbeiner,Germany
Steffen Frisch,Germany
Tanja Frisch,Germany
Katja Gerber,Germany
Denis Gloeckner,Germany
Carola Goetz,Germany
Anna-Maria Gradante,Germany
Jana Grenzdorfer,Germany
Stephanie Groß,Germany
Daniel Guerschner,Germany
Johanna Hagn,Germany
Sebastian Hampel,Germany
Anna Von Harnier,Germany
Nicole Hehemann,Germany
Sven Helbing,Germany
Steffen Hohnsbein,Germany
Henry Hubert,Germany
Raffaella Imbriani,Germany
Martina Jung,Germany
Michael Jurack,Germany
Elske Klocke,Germany
André Klust,Germany
Valentin Knobloch,Germany
Christian Konz,Germany
Sandra Koeppen,Germany
André Korb,Germany
Ralf Koser,Germany
Karoline Kubatzki,Germany
Uta Kuehnen,Germany
Dirk Kuelker,Germany
Daniel Lachmann,Germany
Tim Lamsfuß,Germany
Volker Lauer,Germany
Christian Lehmann,Germany
Petra Liedtke,Germany
Daniela Lodahl,Germany
Claudia Malzahn,Germany
Solveig Martens,Germany
Julia Matijass,Germany
Frank Moeller,Germany
Gertrud Mueller,Germany
Patrick Nebhuth,Germany
Andrea Neumaier,Germany
Anke Paetzold,Germany
Bernd Pirpamer,Germany
Dirk Radszat,Germany
Anja Von Rekowski,Germany
Sarah Riester,Germany
Alexandra Robe,Germany
Mario Rolle,Germany
Andreas Ruemmele,Germany
Peter Schlatter,Germany
Barbara Schmidt,Germany
Martin Schmidt,Germany
Sascha Schultz,Germany
Sandra Schwalbe,Germany
Alexa Von Schwichow,Germany
Michael Seipold,Germany
Birte Siemens,Germany
Oliver Gussenberg,Germany
Marko Spittka,Germany
Ulrike Titz,Germany
Andreas Toelzer,Germany
Ronny Ulbrich,Germany
Katarina Walta,Germany
Yvonne Wansart,Germany
Dennis Werner,Germany
Dörte Wolter,Germany
Sandra Wurm,Germany
Deborah Allan,France
Sarah Bird,Scotland
Karina Bryant,Scotland
Gemma Harvey,Japan
Ceri Richards,Wales
Karen Roberts,Estonia
Martin Padar,Estonia
Indrek Pertelson,Estonia
Amina Abdellatif,France
Virginie Alix,France
Céline Andrieux,France
Cécile Barberio,France
Matthieu Bataille,France
Magali Baton,France
Franck Bellard,France
Larbi Benboudaoud,France
Christophe Besnard,France
Sandrine Bouland,France
Laëtitia Boutonne,France
Céline Brocvielle,France
Vincenzo Carabetta,France
Christine Cicot,France
Daniel Crisci,France
Bertrand Damaisin,France
René Dampierre,France
Lucie Decosse,France
Ludovic Delacotte,France
Eric Despezelle,France
Yacine Douma,France
Jérôme Dreyfus,France
David Euranie,France
Daniel Fernandes,France
Christophe Gagliano,France
Nedy Girard,France
Barbara Harel,France
Emilie Harnichard,France
Lionel Hugonnier,France
David Inquel,France
Marlène Ivars,France
Frédérique Jossinet,France
Medhi Khaldoune,France
Ferrid Kheder,Tunisia
Céline Lebrun,France
Ghislain Lemaire,France
Isabelle Magnien,France
Christophe Massina,France
Anastasia Matrosova,Ukraine
Sonia Maurin,France
Olivier Melicine,France
Sylvie Meloux,France
Gisèle Mendy,Senegal
Elénita Merle,France
Anne-Sophíe Mondíère,France
Marie-Lise Morel,France
Anne Morlot,France
Mickhaël Mouchart,France
Sarah Musialik,France
Sarah Nichilo,France
Stéphane Nomis,France
Karine Petit,France
Adrien Pin,France
Séverine Poret,France
Gaëlle Potel,France
Karine Rambault,France
Marie-Claire Restoux,France
Delphine Ribeaucourt,France
Patrice Rognon,France
Mayrem Suleymanoglu,France
Laëtitia Tignola,France
Stéphane Traineau,France
Séverine Vandenhende,France
Carine Varlez,France
Stéphanie Wagner,France
Roman Wolska,France
David Zahirovic,France
Gela Baratashvili,Georgia
George Gugava,Georgia
Georgi Kesherashvili,Switzerland
Nestor Khergiani,Georgia
Grigori Mamrikishvili,Georgia
Jondo Muzashvili,Georgia
Giorgi Revazishvili,Georgia
Giorgi Vazagashvili,Georgia
Noam Chami,Israel
Daniela Krukower,Argentina
Ehud Vaks,Israel
Barbara Andolina,Italy
Luca Appolloni,Italy
Elena Baffascinelli,Italy
Monica Barbieri,Italy
Fabio Barni,Italy
Paolo Bianchessi,Italy
Denis Braidotti,Italy
Donata Burgatta,Italy
Francesca Campanini,Italy
Miriam Campiotti,Italy
Ignazio Capezzuto,Italy
Maria Luisa Capezzuto,Italy
Vincenzo Casale,Italy
Francesca Casetta,Italy
Cinzia Cavazzuti,Italy
Emilio Citro,Italy
Francesca Congia,Italy
Nadia Corbetta,Italy
Amedeo Cottone,Italy
Antonia Cuomo,Italy
Sergio De Souza,Italy
Maria Di Blasio,Italy
Donato Erra,Italy
Pasquale Esposito,Italy
Roberta Gaist,Italy
Nicola Galante,Italy
Gianluca Giaccaglia,Italy
Girolamo Giovinazzo,Italy
Luigi Guido,Italy
Mara Laici,Italy
Francesco Lepre,Italy
Giuseppina Macrì,Italy
Laura Maddaloni,Italy
Stefano Marcelli,Italy
Roberto Meloni,Italy
Michele Monti,Italy
Lucia Morico,Italy
Michela Muccioli,Italy
Felicia Napolitano,Italy
Alessandro Papaleo,Italy
Leonardo Pascucci,Italy
Marina Pietrangeli,Italy
Alessandro Pilati,Italy
Paola Postiglioni,Italy
Lamberto Raffi,Italy
Dario Romano,Italy
Felice Romano,Italy
Giulio Sacchi,Italy
Ylenia Scapin,Italy
Carlo Scognamiglio,Italy
Andrea Scolari,Italy
Diego Sgreccia,Italy
Maddalena Sorrentino,Italy
Michela Torrenti,Italy
Giorgio Vismara,Italy
Giorgina Zanette,Italy
Laura Zimbaro,Italy
Karen Balayan,Ukraine
Tatyana Belyaeva,Ukraine
Ilya Chimchiuri,Ukraine
Ramaz Chochishvili,Georgia
Olena Glebova,Ukraine
Igor Gorbokon,Ukraine
Lioudmila Lusnikova,Ukraine
Svetlana Maximyuk,Ukraine
Ruslan Mashurenko,Ukraine
Ruslan Mirzaliyev,Ukraine
Valentin Ruslyakov,Ukraine
Dmitri Selezen,Ukraine
Anneliese Anglberger,Austria
Rupert Beiskammer,Austria
Petra Berger,Austria
Franz Birkfellner,Austria
Christine Dorfinger,Austria
Axel Eggenfellner,Austria
Thomas Etlinger,Austria
Sabrina Filzmoser,Austria
Angelika Fredel,Austria
Christian Fuchs,Austria
Erwin Haidvogl,Austria
Claudia Heill,Austria
Cornelia Hemetsberger,Austria
Sonja Hiermann,Austria
Ernst Hofer,Austria
Sigrid Huber,Austria
Erich Ivinger,Austria
Roman Jahoda,Austria
Helmut Kendler,Austria
Eric Krieger,Austria
Kerstin Krieger,Austria
Marco Lamprecht,Austria
Barbara Lanzl,Austria
Christian Lugar,Austria
Birgit Madl,Austria
Andrea Makula,Austria
Martin Mandlmayr,Austria
Wolfgang Miller,Austria
Firas Laabidi,Tunisia
Eva Nassberger,Austria
Christian Neuhofer,Austria
Saed Farhad,
Ludwig Paischer,Austria
Bianca Paregger,Austria
Harald Parrainer,Austria
Christian Prechtl,Austria
Michaela Reichel,Austria
Martina Reingruber,Austria
Noriaki Hongo,Japan
Stefan Riedlsperger,Austria
Rupert Riess,Austria
Alexandra Rinnerthaler,Austria
Eva Rinnerthaler,Austria
Nicole Schernthaner,Austria
Yvonne Schernthaner,Austria
Marianne Schirz,Austria
Silvia Schlagnitweit,Austria
Stefan Schöberl,Austria
Melanie Schuchter,Austria
Christoph Stangl,Austria
Roland Stegmüller,Austria
Georg Stradner,Austria
Andreas Trudenberger,Austria
Astrid Wassermann,Austria
Sandra Weinzettl,Austria
Uranbileg Battulga,Mongolia
Laura Badita,Romania
Claudiu Bastea,Romania
Daniel Beldeanu,Romania
Adrian Croitoru,Romania
Ioana Aluas-Dinea,Romania
Nicolae Ivan,Romania
Alexandru Lungu,Romania
Laura Moise-Moricz,Romania
Dumitru Sora,Romania
German Abdulaev,Russia
Danil Antisin,Russia
Igor Arinakin,Russia
Lyubov Belskaya,Russia
Svetlana Bolshakova,Russia
Lyubov Bruletova,Russia
Tatyana Shishkina,Kazakhstan
Adam Delok,Russia
Magomed Dzhafarov,Russia
Olga Fedoseenko,Russia
Muslim Gadzhimagomedov,Russia
Tatyana Gaiduk,Russia
Svetlana Galyant,Russia
Vladislav Garanin,Russia
Ruslan Gazaev,Russia
Svetlana Gundarenko,Russia
Andrey Ignatenko,Russia
Igor Isaikin,Russia
Tatyana Ivanova,Russia
Galina Zhdanova,Russia
Evgeny Karpukhin,Russia
Murat Khasanov,Russia
Milana Kleina,Russia
Rustam Kodzoev,Russia
Mikhail Korobeinikov,Russia
Oxana Karzakova,Russia
Elena Kotelnikova,Russia
Alla Kulikova,Russia
Tatyana Kuvshinova,Russia
Marina Kovrigina,Russia
Aleksey Mayorov,Russia
Vitaly Makarov,Russia
Islam Matsiev,Russia
Valery Merenkov,Russia
Alexander Mikhailin,Russia
Aleksey Mikhalev,Russia
Vitaly Mikheev,Russia
Dmitry Morozov,Russia
Mussa Nastuev,Ukraine
Nikolay Ozhegin,Russia
Svetlana Panteleeva,Russia
Ivan Pershin,Russia
Elena Petrova,Russia
Aleksander Ridnyi,Russia
Irina Rodina,Russia
Anna Saraeva,Russia
Konstantin Savchishkin,Russia
Olga Sonina,Russia
Evgeny Stanev,Russia
Yuri Stepkin,Russia
Tamerlan Tmenov,Russia
Kazbek Tsagaraev,Russia
Sergey Zakalyapin,Russia
Klemen Ferjan,Slovenia
Jozef Krnac,Slovakia
Petra Nareks,Slovenia
José Alarza,Spain
Alicia Alonso,Spain
Sara Álvarez,Spain
Vanesa Arenas,Spain
Raquel Barrientos,Spain
Miriam Blasquez,Spain
Ana Carrascosa,Spain
Josep Carrio,Spain
Javier Delgado,Spain
Sergio Doménech,Spain
Isabel Fernández,Spain
María García I,Spain
Fernando González I,Spain
Ruth Gutiérrez,Spain
Leire Iglesias,Spain
Almudena Lopez,Spain
Úrsula Martin,Spain
Roberto Naveira,Spain
Henar Parra,Spain
Oscar Peñas,Spain
Ernesto Pérez,Spain
Elsa Rebollo,Spain
Aythami Ruano,Spain
Esther San Miguel,Spain
Asia Sauquillo,Spain
Yolanda Soler,Spain
José Tomás Toro,Spain
Kenji Uematsu,Spain
Kiyoshi Uematsu,Spain
Inmaculada Vicent,Spain
António Villena,Spain
Felix Capek,Türkiye
Hilal Biyik,Türkiye
Emine Nur Gökdemir,Türkiye
Ilknur Kobas,Türkiye
Huseyin Ozkan,Türkiye
Selim Tataroglu,Türkiye
Irakli Uznadze,Türkiye
Zarife Yildirim,Türkiye
Aleksandr Shlyk,Belarus
Sergei Gavrik,Belarus
Alena Karytskaya,Belarus
Rashad Mamedov,Belarus
Leonid Svirid,Belarus
Sergei Aschwanden,Switzerland
Raphael Broz,Switzerland
Monika Kurath,Switzerland
Isabelle Schmutz,Switzerland
Gleyson Alves,Brazil
Edilena Aparecida Andrade,Brazil
Monica Angelucci,Brazil
Diego Barreto,Brazil
Patricia Belivacqua,Brazil
Rogerio Biondi,Brazil
Valeria Brandino,Brazil
Tiago Camilo,Brazil
Rosicleia Campos,Brazil
Flávio Canto,Brazil
Rogerio Cardoso Sampaio,Brazil
Walter Carmona,Brazil
Rogerio Rocha Cherobim,Brazil
Marco-Antonio Da Costa,Brazil
Carlos AMC Cunha,Brazil
Edinanci Silva,Brazil
Renato Dagnino,Brazil
Hassen Ben Gamra,Tunisia
Gabriela García,Brazil
Silvia García I,Brazil
Alexsander Guedes,Brazil
Fangqing Xu,China
Henrique Guimaraes,Brazil
Cleber Hebara,Brazil
Daniel Andrey Hernandes,Brazil
Carlos Honorato,Brazil
Elaine Cristina Hukuda,Brazil
Chiaki Ishii,Brazil
Vânia Ishii,Brazil
Mario Junior,Brazil
Enio Kanayama,Brazil
Alexandre Katsuragi,Brazil
Alexandre Lee,Brazil
Katia Maia,Brazil
Rogerio Miyague,Brazil
Fulvio Miyata,Brazil
Cleber Moreté,Brazil
Jose Mario Nery,Brazil
João Jesus,Portugal
Sergio Oliveira,Brazil
Luis Onmura,Brazil
Ezequiel Paraguassu,Brazil
Cristiane Parmigiano,Brazil
Sebastian Pereira,Brazil
A Porges,Brazil
Rafael Rocha,Brazil
Andrea Berti,Brazil
Ezecuiel Rodriguez,Brazil
Neres Rubens,Brazil
Renata Silva,Brazil
Ney Uchida,Brazil
Wilson Silva,Brazil
Felipe Vargas,Brazil
Douglas Vieira,Brazil
Norton Yamane,Brazil
Shigueto Yamasaki,Brazil
Danielle Zangrando,Brazil
Edelmar Branco Zanol,Brazil
Roberto Zuasnabar,Brazil
Ani Boiadjieva,Bulgaria
Tsvetana Bozhilova,Bulgaria
Pavel Botev,Bulgaria
Jivka Eneva,Bulgaria
Malina Galabova,Bulgaria
Atanas Gerchev,Bulgaria
Èkatarina Hristova,Bulgaria
Galina Ivanova,Bulgaria
Ilinka Kasarova,Bulgaria
Delcho Kolev,Bulgaria
Ivan Kostadinov,Bulgaria
Mila Markova,Bulgaria
Naiden Naidenov,Bulgaria
Iliyan Nedkov,Bulgaria
Ivan Netov,Bulgaria
Georghi Petrov,Bulgaria
Orlin Russev,Bulgaria
Rickie Fray,Bulgaria
Adrian Argint,Romania
Tsvetana Tomova,Bulgaria
Ognyan Tzayanov,Bulgaria
Ivelina Tzvetkova,Bulgaria
Emilia Vacheva,Bulgaria
Marko Valev,Bulgaria
Atanas Valchev,Bulgaria
Marco Vulev,Bulgaria
Dimitar Zapryanov,Bulgaria
Jean-Paul Alarie,Canada
Ionut Alexandrescu,Canada
Ronald Angus,Canada
Luce Baillargeon,Canada
Geneviève Baron,Canada
Ewan Beaton,Canada
Jonathan Beauchemin,Canada
David Beaudin,Canada
Mark Berger,Canada
Kimberley Bergey,Canada
Heidi Besslich,Canada
Karine Blanchet,Canada
Julie Blaquiere,Canada
Julie Bouchard,Canada
Michelle Buckingham,Canada
Mark Burgess,Canada
Daniel Gary Cannan,Canada
Jean-Pierre Cantin,Canada
Brad Chief Body,Canada
Marie-Hélène Chisholm,Canada
Stéphane Chretien,Canada
Andree Clement,Canada
Parise Collin,Canada
Elisabeth Coté,Canada
Renée Coté,Canada
Amy Cotton,Canada
Chantal Demanche,Canada
Destiny Diehl,Canada
Kevin Doherty,Canada
Steven Edmonds,Canada
Mathieu Emond,Canada
Patrick Esparbes,Canada
Brad Farrow,Canada
Marie Claude Foisy,Canada
Martine Geoffrion,Canada
Nicolas Gill,Canada
Nathalie Gosselin,Canada
Maryse Guilbault,Canada
Paul Hachey,Canada
Steven Hayami,Canada
Karen Hayde,Canada
Robert Hepper,Canada
Clayton Hironaka,Canada
Gary Hirose,Canada
Kathy Hubble,Canada
Véronique Hudon,Canada
Louis Jani,Canada
Stéphane Jean,Canada
Niki Jenkins,Canada
Hartley Jones,Canada
Bruce Kamstra,Canada
Stephanie Kawasaki,Canada
Linda Kemp,Canada
Sandy Kent,Canada
Serge Laforge,Canada
Christian Laliberté,Canada
Audrey Lambert,Canada
Paul Landers,Canada
Frederick Landry,Canada
Ninon Larrivee,Canada
Brigitte Lastrade,Canada
Roxanne Lavoie,Canada
Eric Leblanc,Canada
Gaetanne Leduc,Canada
Carolyne Lepage,Canada
Pascale Mainville,Canada
Jean-François Marceau,Canada
Tumennasan Erdenetogtokh,Mongolia
Kevin McIver,Canada
Neil McIver,Canada
William McKenzie,Canada
Jerilyn McLeod,Canada
Andrea Mendell,Canada
Andre Meunier,Canada
Colin Morgan,Canada
Keith Morgan,Canada
Tomoko Mori,Canada
Steve Murray,Canada
Jason Near,Canada
Francis O'Brien,Canada
Collete O'Sullivan,Canada
Mitch Olineck,Canada
Dominique Pilon,Canada
Lyne Poirier,Canada
Janna Pratt,Canada
Kevin Proctor,Canada
Kimberly Ribble,Canada
Catherine Roberge,Canada
Maxime Roberge,Canada
Patrick Roberge,Canada
Sophie Roberge,Canada
Annick Rouleau,Canada
Charles Roy,Canada
Chris Schenk,Canada
Daniel Simard,Canada
Marty Spreacker,Canada
Phil Takahashi,Canada
Cynthya Tan,Canada
Taro Tan,Canada
Stewart Tanaka,Canada
Scott Tanner,Canada
Emi Tasaka,Canada
William Thompson,Canada
Stephanie Tsang,Canada
Frédéric Vermette,Canada
Tony Walby,Canada
Carline Wallace,Canada
Allison Webb,Canada
Kevin Wheatley,Canada
Paul Yuen,Canada
Aiyue Li,China
Chen Cailiang,China
Chao Yuan,China
Song Jian Feng,China
Fuming Sun,China
Gao Fenglian,China
Guangyin Teng,China
Hu Haifang,China
He Ji,China
Zhao Chun Hong,China
Hu Rong,China
Kang Kai,China
Li Jinlin,China
Shufang Li,China
Li Yanfu,China
Li Zhongyun,China
Li Ling,China
Ling Tang,China
Zheng Linli,China
Aixiang Liu,China
Liu Chuang,China
Liu Liying,China
Liu Shenggang,China
Lizhe Liu,China
Lu Xiunyun,China
Yujing Nie,China
Song Pan,China
Yao Ping,China
Yan Min Qaio,China
Qi Suxia,China
Qiao Chunlin,China
Qiao Yanmin,China
Qin Xiuznan,China
Qin Yuying,China
Sandy Badillo,Colombia
Si Qinhuari,China
Sun Yanyan,China
Li Hong Tang,China
Wang Jing-Ling,China
Xianbo Wang,China
Wang Xiaoyan,China
Wang Yingmin,China
Wei Fuouiang,China
Liu Xia,China
Dongmei Xian,China
Zhang Yanhong,China
Ping Yap,China
Hao Ying,China
Ying Guo Yinggu,China
Ling Nie Yu,China
Zhijun Yu,China
Hua Yuan,China
Guangjun Zhang,China
Zhang Qingli,China
Zhang Ying,China
Zhao Limin,China
Zhao Yanziang,China
Zhou Hui Ying,China
Zhu Fangqing,China
Qui Qin Zuan,China
Fujan Ksue,China
Cecilia Alacan Garcia,Cuba
Guy Garnier,France
Yordanis Arencibia,Cuba
Gabriel Arteaga,Cuba
Isaac Azcuy Oliva,Cuba
Chandana Bandara,Cuba
Ileana Beltrán,Cuba
Ismael Borboña Luputey,Cuba
Zaimaris Calderon,Cuba
Marit Cárdenas Arce,Cuba
Danieska Carrion,Cuba
Diadenis Luna,Cuba
Eric De la Paz Portuondo,Cuba
Yosvane Despaigne,Italy
Ibis Dueñas,Cuba
Juan Ferrer Lahera,Cuba
José González Rosabal,Cuba
Driulis Gonzalez,Cuba
Israel Hernández,Cuba
Nikolay Kovyakh,Russia
Virginie L'Hermitte,France
Yurisel Laborde,Cuba
Yurisleidys Lupetey,Cuba
Frank Moreno Garcia,Cuba
Justo Pérez,Cuba
Maritza Perez Cardenas,Cuba
Manolo Poulot,Cuba
Odalis Revé-Jiminez,Cuba
Bismar Reyes Hernández,Cuba
Kenia Rodríguez Ocana,Cuba
Héctor Rodriguez Torres,Cuba
Estela Rodríguez Villanueva,Cuba
Belarmino Salgado Martinez,Cuba
Amarilis Savón,Cuba
Yusuant Terrex,Cuba
Sibelis Veranes,Cuba
Legna Verdecia,Cuba
Miki Amao,Japan
